RPM,Fx,Fy,Fz,Qx,Qy,Qz
45,63.299168877534754,-3.8166098630564727,4160.605562419901,533.6705573561374,22.709341873150358,-1387.1055704820124
